<?xml version="1.0" encoding="utf-8"?>
<!--/719611/962499/2.50/2/4/Diode/-->
<quadcept_library>
  <setting unit="mil" />
  <textstyle name="Default" height="47.244094488189" strokewidth="7.8740157480315" charwidth="47.244094488189" />
  <textstyle name="Dimension" height="19.6850393700787" strokewidth="0" charwidth="19.6850393700787" />
  <textstyle name="H127W0635TH00762" height="50" strokewidth="3" charwidth="25" />
  <textstyle name="H15W15TH02" height="59.0551181102362" strokewidth="7.8740157480315" charwidth="59.0551181102362" />
  <padstyle name="r60_50" surface="True" plated="False" isvia="False" nopaste="False" nomask="True" complex="False" holesize="0">
    <padshape layer="TOP" shape="rectangle" width="19.685039370078" height="23.622047244094" />
    <padshape layer="TOP_SOLDER_MASK" shape="rectangle" width="27.55905511811" height="31.496062992126" />
    <padshape layer="TOP_SOLDER_PASTE" shape="rectangle" width="19.685039370078" height="23.622047244094" />
  </padstyle>
  <footprint name="DPY(R-PX1SON-N2)" originx="0" originy="0" pickpointx="0" pickpointy="0">
    <pcbpin number="1" name="1" style="r60_50" originx="-19.685039370078" originy="0" rotation="90" />
    <pcbpin number="2" name="2" style="r60_50" originx="19.685039370078" originy="0" rotation="90" />
    <line layer="TOP_ASSEMBLY" originx="-21.653543307086" originy="13.779527559055" endx="21.653543307086" endy="13.779527559055" width="3.9370078740157" />
    <line layer="TOP_ASSEMBLY" originx="21.653543307086" originy="13.779527559055" endx="21.653543307086" endy="-13.779527559055" width="3.9370078740157" />
    <line layer="TOP_ASSEMBLY" originx="21.653543307086" originy="-13.779527559055" endx="-21.653543307086" endy="-13.779527559055" width="3.9370078740157" />
    <line layer="TOP_ASSEMBLY" originx="-21.653543307086" originy="-13.779527559055" endx="-21.653543307086" endy="13.779527559055" width="3.9370078740157" />
    <line layer="TOP_SILKSCREEN" originx="-39.370078740157" originy="13.779527559055" endx="21.653543307086" endy="13.779527559055" width="3.9370078740157" />
    <line layer="TOP_SILKSCREEN" originx="-21.653543307086" originy="-13.779527559055" endx="21.653543307086" endy="-13.779527559055" width="3.9370078740157" />
  </footprint>
  <symbol name="TPD1E05U06QDPYRQ1" originx="0" originy="0">
    <line originx="200" originy="100" endx="200" endy="-100" width="0" />
    <line originx="100" originy="0" endx="200" endy="0" width="0" />
    <line originx="400" originy="0" endx="500" endy="0" width="0" />
    <sympin number="1" originx="100" originy="0" rotation="180" length="100" width="7.8740157480315" flipped="False">
      <text name="pinname" originx="140" originy="10" style="Default" rotation="0" justify="left" flipped="False" hidden="True" data="K" />
      <text name="pindes" originx="60" originy="10" style="Default" rotation="0" justify="lowerright" flipped="False" hidden="False" data="1" />
    </sympin>
    <sympin number="2" originx="500" originy="0" rotation="0" length="100" width="7.8740157480315" flipped="False">
      <text name="pinname" originx="460" originy="10" style="Default" rotation="0" justify="right" flipped="False" hidden="True" data="A" />
      <text name="pindes" originx="540" originy="10" style="Default" rotation="0" justify="lowerleft" flipped="False" hidden="False" data="2" />
    </sympin>
    <polygon type="polygon">
      <point x="200" y="0" />
      <point x="400" y="100" />
      <point x="400" y="-100" />
    </polygon>
  </symbol>
  <component name="TPD1E05U06QDPYRQ1" designatorprefix="D" height="0" footprint="DPY(R-PX1SON-N2)">
    <comppin designator="1" sympin="1" pinswap="0" gateswap="0" gate="1" group="1" side="" type="Any" name="K" />
    <comppin designator="2" sympin="2" pinswap="0" gateswap="0" gate="1" group="1" side="" type="Any" name="A" />
    <attached_symbol gate="1" name="TPD1E05U06QDPYRQ1" />
    <pinmap designator="1" footprintpin="1" />
    <pinmap designator="2" footprintpin="2" />
    <text name="Datasheet" originx="0" originy="0" style="Default" rotation="0" justify="" flipped="False" hidden="True" data="http://www.ti.com/lit/gpn/tpd1e05u06-q1" />
    <text name="Description" originx="0" originy="0" style="Default" rotation="0" justify="" flipped="False" hidden="True" data="Automotive 1-Channel Ultra-Low-Capacitance IEC ESD Protection Diode" />
    <text name="Mouser Part Number" originx="0" originy="0" style="Default" rotation="0" justify="" flipped="False" hidden="True" data="595-PD1E05U06QDPYRQ1" />
    <text name="Mouser Price/Stock" originx="0" originy="0" style="Default" rotation="0" justify="" flipped="False" hidden="True" data="https://www.mouser.co.uk/ProductDetail/Texas-Instruments/TPD1E05U06QDPYRQ1?qs=KuuZdrM3jLwNHbBlr%252BE4dg%3D%3D" />
    <text name="Manufacturer_Name" originx="0" originy="0" style="Default" rotation="0" justify="" flipped="False" hidden="True" data="Texas Instruments" />
    <text name="Manufacturer_Part_Number" originx="450" originy="100" style="Default" rotation="0" justify="left" flipped="False" hidden="False" data="TPD1E05U06QDPYRQ1" />
  </component>
</quadcept_library>
