<?xml version="1.0" encoding="utf-8"?>
<!--/13495297/1902088/2.50/2/2/Connector/-->
<quadcept_library>
  <setting unit="mil" />
  <textstyle name="Default" height="47.244094488189" strokewidth="7.8740157480315" charwidth="47.244094488189" />
  <textstyle name="Dimension" height="19.6850393700787" strokewidth="0" charwidth="19.6850393700787" />
  <textstyle name="H127W0635TH00762" height="50" strokewidth="3" charwidth="25" />
  <textstyle name="H15W15TH02" height="59.0551181102362" strokewidth="7.8740157480315" charwidth="59.0551181102362" />
  <padstyle name="c165_h110" surface="False" plated="True" isvia="False" nopaste="True" nomask="True" complex="False" holesize="43.307086614173">
    <padshape layer="TOP" shape="round" width="64.960629921259" height="64.960629921259" />
    <padshape layer="TOP_SOLDER_MASK" shape="round" width="72.83464566929" height="72.83464566929" />
    <padshape layer="INNER" shape="round" width="64.960629921259" height="64.960629921259" />
    <padshape layer="BOTTOM" shape="round" width="64.960629921259" height="64.960629921259" />
    <padshape layer="BOTTOM_SOLDER_MASK" shape="round" width="72.83464566929" height="72.83464566929" />
  </padstyle>
  <footprint name="2828372" originx="0" originy="0" pickpointx="0" pickpointy="0">
    <pcbpin number="1" name="1" style="c165_h110" originx="0" originy="0" rotation="90" />
    <pcbpin number="2" name="2" style="c165_h110" originx="200" originy="0" rotation="90" />
    <line layer="TOP_ASSEMBLY" originx="-99.999999999999" originy="161.41732283464" endx="300" endy="161.41732283464" width="7.8740157480314" />
    <line layer="TOP_ASSEMBLY" originx="300" originy="161.41732283464" endx="300" endy="-161.41732283464" width="7.8740157480314" />
    <line layer="TOP_ASSEMBLY" originx="300" originy="-161.41732283464" endx="-99.999999999999" endy="-161.41732283464" width="7.8740157480314" />
    <line layer="TOP_ASSEMBLY" originx="-99.999999999999" originy="-161.41732283464" endx="-99.999999999999" endy="161.41732283464" width="7.8740157480314" />
    <line layer="TOP_ASSEMBLY" originx="-123.62204724409" originy="161.41732283464" endx="-99.999999999999" endy="161.41732283464" width="7.8740157480314" />
    <line layer="TOP_ASSEMBLY" originx="-99.999999999999" originy="161.41732283464" endx="-99.999999999999" endy="-161.41732283464" width="7.8740157480314" />
    <line layer="TOP_ASSEMBLY" originx="-99.999999999999" originy="-161.41732283464" endx="-123.62204724409" endy="-161.41732283464" width="7.8740157480314" />
    <line layer="TOP_ASSEMBLY" originx="-123.62204724409" originy="-161.41732283464" endx="-123.62204724409" endy="161.41732283464" width="7.8740157480314" />
    <line layer="TOP_SILKSCREEN" originx="-99.999999999999" originy="161.41732283464" endx="300" endy="161.41732283464" width="3.9370078740157" />
    <line layer="TOP_SILKSCREEN" originx="300" originy="161.41732283464" endx="300" endy="-161.41732283464" width="3.9370078740157" />
    <line layer="TOP_SILKSCREEN" originx="300" originy="-161.41732283464" endx="-99.999999999999" endy="-161.41732283464" width="3.9370078740157" />
    <line layer="TOP_SILKSCREEN" originx="-99.999999999999" originy="-161.41732283464" endx="-99.999999999999" endy="161.41732283464" width="3.9370078740157" />
    <line layer="TOP_PLACE_BOUND" originx="-162.99212598425" originy="200.7874015748" endx="339.37007874015" endy="200.7874015748" width="3.9370078740157" />
    <line layer="TOP_PLACE_BOUND" originx="339.37007874015" originy="200.7874015748" endx="339.37007874015" endy="-200.7874015748" width="3.9370078740157" />
    <line layer="TOP_PLACE_BOUND" originx="339.37007874015" originy="-200.7874015748" endx="-162.99212598425" endy="-200.7874015748" width="3.9370078740157" />
    <line layer="TOP_PLACE_BOUND" originx="-162.99212598425" originy="-200.7874015748" endx="-162.99212598425" endy="200.7874015748" width="3.9370078740157" />
  </footprint>
  <symbol name="282837-2" originx="0" originy="0">
    <line originx="200" originy="100" endx="600" endy="100" width="0" />
    <line originx="600" originy="-200" endx="600" endy="100" width="0" />
    <line originx="600" originy="-200" endx="200" endy="-200" width="0" />
    <line originx="200" originy="100" endx="200" endy="-200" width="0" />
    <sympin number="1" originx="200" originy="0" rotation="180" length="100" width="7.8740157480315" flipped="False">
      <text name="pinname" originx="230" originy="0" style="Default" rotation="0" justify="left" flipped="False" hidden="False" data="1" />
      <text name="pindes" originx="140" originy="20" style="Default" rotation="0" justify="lowerright" flipped="False" hidden="False" data="1" />
    </sympin>
    <sympin number="2" originx="200" originy="-100" rotation="180" length="100" width="7.8740157480315" flipped="False">
      <text name="pinname" originx="230" originy="-100" style="Default" rotation="0" justify="left" flipped="False" hidden="False" data="2" />
      <text name="pindes" originx="140" originy="-80" style="Default" rotation="0" justify="lowerright" flipped="False" hidden="False" data="2" />
    </sympin>
  </symbol>
  <component name="282837-2" designatorprefix="J" height="405.51181102362" footprint="2828372">
    <comppin designator="1" sympin="1" pinswap="0" gateswap="0" gate="1" group="1" side="" type="Any" name="1" />
    <comppin designator="2" sympin="2" pinswap="0" gateswap="0" gate="1" group="1" side="" type="Any" name="2" />
    <attached_symbol gate="1" name="282837-2" />
    <pinmap designator="1" footprintpin="1" />
    <pinmap designator="2" footprintpin="2" />
    <text name="Datasheet" originx="0" originy="0" style="Default" rotation="0" justify="" flipped="False" hidden="True" data="https://www.te.com/commerce/DocumentDelivery/DDEController?Action=srchrtrv&amp;DocNm=1-1773458-1_EURO_STYLE_QRG&amp;DocType=Data Sheet&amp;DocLang=English&amp;PartCntxt=282837-2&amp;DocFormat=pdf" />
    <text name="Description" originx="0" originy="0" style="Default" rotation="0" justify="" flipped="False" hidden="True" data="Body Features: Product Orientation Vertical | Primary Product Color Green | Configuration Features: Wire Entry Location Side | Stacking Configuration Side Stackable | Number of Rows 1 | Stacked Levels Without | Number of Positions 2 | Wire Entry Angle 90 | Contact Features: Contact Current Rating (Max) 13.5 AMP | Contact Mating Area Plating Material Tin | Contact Base Material Brass | Dimensions: Wire Size 30  16 AWG | Wire Size .05  1.3 MMSQ | Electrical Characteristics: Operating Voltage 300 VAC |" />
    <text name="Mouser Part Number" originx="0" originy="0" style="Default" rotation="0" justify="" flipped="False" hidden="True" data="571-2828372" />
    <text name="Mouser Price/Stock" originx="0" originy="0" style="Default" rotation="0" justify="" flipped="False" hidden="True" data="https://www.mouser.co.uk/ProductDetail/TE-Connectivity/282837-2?qs=A%252Bip%252BNCYi6O2H0NGWOeAxg%3D%3D" />
    <text name="Manufacturer_Name" originx="0" originy="0" style="Default" rotation="0" justify="" flipped="False" hidden="True" data="TE Connectivity" />
    <text name="Manufacturer_Part_Number" originx="650" originy="200" style="Default" rotation="0" justify="left" flipped="False" hidden="False" data="282837-2" />
  </component>
</quadcept_library>
