<?xml version="1.0" encoding="utf-8"?>
<!--/251486/1902088/2.50/3/2/Connector/-->
<quadcept_library>
  <setting unit="mil" />
  <textstyle name="Default" height="47.244094488189" strokewidth="7.8740157480315" charwidth="47.244094488189" />
  <textstyle name="Dimension" height="19.6850393700787" strokewidth="0" charwidth="19.6850393700787" />
  <textstyle name="H127W0635TH00762" height="50" strokewidth="3" charwidth="25" />
  <textstyle name="H15W15TH02" height="59.0551181102362" strokewidth="7.8740157480315" charwidth="59.0551181102362" />
  <padstyle name="c465_h310" surface="False" plated="True" isvia="False" nopaste="True" nomask="True" complex="False" holesize="122.04724409449">
    <padshape layer="TOP" shape="round" width="183.07086614173" height="183.07086614173" />
    <padshape layer="TOP_SOLDER_MASK" shape="round" width="190.94488188976" height="190.94488188976" />
    <padshape layer="INNER" shape="round" width="183.07086614173" height="183.07086614173" />
    <padshape layer="BOTTOM" shape="round" width="183.07086614173" height="183.07086614173" />
    <padshape layer="BOTTOM_SOLDER_MASK" shape="round" width="190.94488188976" height="190.94488188976" />
  </padstyle>
  <padstyle name="s465_h310" surface="False" plated="True" isvia="False" nopaste="True" nomask="True" complex="False" holesize="122.04724409449">
    <padshape layer="TOP" shape="square" width="183.07086614173" height="183.07086614173" />
    <padshape layer="TOP_SOLDER_MASK" shape="square" width="190.94488188976" height="190.94488188976" />
    <padshape layer="INNER" shape="square" width="183.07086614173" height="183.07086614173" />
    <padshape layer="BOTTOM" shape="square" width="183.07086614173" height="183.07086614173" />
    <padshape layer="BOTTOM_SOLDER_MASK" shape="square" width="190.94488188976" height="190.94488188976" />
  </padstyle>
  <footprint name="694108301002" originx="0" originy="0" pickpointx="0" pickpointy="0">
    <pcbpin number="1" name="1" style="s465_h310" originx="-0" originy="-0" rotation="90" />
    <pcbpin number="2" name="2" style="c465_h310" originx="-228.34645669291" originy="-0" rotation="90" />
    <pcbpin number="3" name="3" style="c465_h310" originx="-118.11023622047" originy="-188.97637795275" rotation="90" />
    <line layer="TOP_ASSEMBLY" originx="-535.43307086614" originy="177.16535433071" endx="35.433070866141" endy="177.16535433071" width="3.9370078740157" />
    <line layer="TOP_ASSEMBLY" originx="35.433070866141" originy="177.16535433071" endx="35.433070866141" endy="-177.16535433071" width="3.9370078740157" />
    <line layer="TOP_ASSEMBLY" originx="35.433070866141" originy="-177.16535433071" endx="-535.43307086614" endy="-177.16535433071" width="3.9370078740157" />
    <line layer="TOP_ASSEMBLY" originx="-535.43307086614" originy="-177.16535433071" endx="-535.43307086614" endy="177.16535433071" width="3.9370078740157" />
    <line layer="TOP_PLACE_BOUND" originx="-574.80314960629" originy="216.53543307086" endx="130.90551181102" endy="216.53543307086" width="3.9370078740157" />
    <line layer="TOP_PLACE_BOUND" originx="130.90551181102" originy="216.53543307086" endx="130.90551181102" endy="-319.88188976378" width="3.9370078740157" />
    <line layer="TOP_PLACE_BOUND" originx="130.90551181102" originy="-319.88188976378" endx="-574.80314960629" endy="-319.88188976378" width="3.9370078740157" />
    <line layer="TOP_PLACE_BOUND" originx="-574.80314960629" originy="-319.88188976378" endx="-574.80314960629" endy="216.53543307086" width="3.9370078740157" />
    <line layer="TOP_SILKSCREEN" originx="-218.50393700787" originy="-177.16535433071" endx="-535.43307086614" endy="-177.16535433071" width="7.8740157480314" />
    <line layer="TOP_SILKSCREEN" originx="-535.43307086614" originy="-177.16535433071" endx="-535.43307086614" endy="177.16535433071" width="7.8740157480314" />
    <line layer="TOP_SILKSCREEN" originx="-535.43307086614" originy="177.16535433071" endx="35.433070866141" endy="177.16535433071" width="7.8740157480314" />
    <line layer="TOP_SILKSCREEN" originx="35.433070866141" originy="177.16535433071" endx="35.433070866141" endy="102.36220472441" width="7.8740157480314" />
    <line layer="TOP_SILKSCREEN" originx="35.433070866141" originy="-102.36220472441" endx="35.433070866141" endy="-177.16535433071" width="7.8740157480314" />
    <line layer="TOP_SILKSCREEN" originx="35.433070866141" originy="-177.16535433071" endx="-13.779527559055" endy="-177.16535433071" width="7.8740157480314" />
    <line layer="TOP_SILKSCREEN" originx="110.23622047244" originy="0" endx="110.23622047244" endy="0" width="3.9370078740157" />
    <arc layer="TOP_SILKSCREEN" originx="112.20472440945" originy="0" startangle="-180.0" sweepangle="180.0" radius="1.9685039370079" width="3.9370078740157" />
    <line layer="TOP_SILKSCREEN" originx="114.17322834646" originy="0" endx="114.17322834646" endy="0" width="3.9370078740157" />
    <arc layer="TOP_SILKSCREEN" originx="112.20472440945" originy="0" startangle=".0" sweepangle="180.0" radius="1.9685039370079" width="3.9370078740157" />
  </footprint>
  <symbol name="694108301002" originx="0" originy="0">
    <line originx="200" originy="100" endx="600" endy="100" width="0" />
    <line originx="600" originy="-200" endx="600" endy="100" width="0" />
    <line originx="600" originy="-200" endx="200" endy="-200" width="0" />
    <line originx="200" originy="100" endx="200" endy="-200" width="0" />
    <sympin number="1" originx="600" originy="-100" rotation="0" length="100" width="7.8740157480315" flipped="False">
      <text name="pinname" originx="570" originy="-100" style="Default" rotation="0" justify="right" flipped="False" hidden="False" data="1" />
      <text name="pindes" originx="660" originy="-80" style="Default" rotation="0" justify="lowerleft" flipped="False" hidden="False" data="1" />
    </sympin>
    <sympin number="2" originx="600" originy="0" rotation="0" length="100" width="7.8740157480315" flipped="False">
      <text name="pinname" originx="570" originy="0" style="Default" rotation="0" justify="right" flipped="False" hidden="False" data="2" />
      <text name="pindes" originx="660" originy="20" style="Default" rotation="0" justify="lowerleft" flipped="False" hidden="False" data="2" />
    </sympin>
    <sympin number="3" originx="200" originy="0" rotation="180" length="100" width="7.8740157480315" flipped="False">
      <text name="pinname" originx="230" originy="0" style="Default" rotation="0" justify="left" flipped="False" hidden="False" data="3" />
      <text name="pindes" originx="140" originy="20" style="Default" rotation="0" justify="lowerright" flipped="False" hidden="False" data="3" />
    </sympin>
  </symbol>
  <component name="694108301002" designatorprefix="J" height="433.07086614173" footprint="694108301002">
    <comppin designator="1" sympin="1" pinswap="0" gateswap="0" gate="1" group="1" side="" type="Any" name="1" />
    <comppin designator="2" sympin="2" pinswap="0" gateswap="0" gate="1" group="1" side="" type="Any" name="2" />
    <comppin designator="3" sympin="3" pinswap="0" gateswap="0" gate="1" group="1" side="" type="Any" name="3" />
    <attached_symbol gate="1" name="694108301002" />
    <pinmap designator="1" footprintpin="1" />
    <pinmap designator="2" footprintpin="2" />
    <pinmap designator="3" footprintpin="3" />
    <text name="Datasheet" originx="0" originy="0" style="Default" rotation="0" justify="" flipped="False" hidden="True" data="https://www.we-online.com/components/products/download/3D_694108301002 (rev1).pdf" />
    <text name="Description" originx="0" originy="0" style="Default" rotation="0" justify="" flipped="False" hidden="True" data="WR-DCPJ_THT_R/A_Plastic DCPowerJack_THT_R/A_Plastic_CenterPin_ 2.5" />
    <text name="Mouser Part Number" originx="0" originy="0" style="Default" rotation="0" justify="" flipped="False" hidden="True" data="710-694108301002" />
    <text name="Mouser Price/Stock" originx="0" originy="0" style="Default" rotation="0" justify="" flipped="False" hidden="True" data="https://www.mouser.co.uk/ProductDetail/Wurth-Elektronik/694108301002?qs=a9WhcLg8qCwpBR6w1flhOw%3D%3D" />
    <text name="Manufacturer_Name" originx="0" originy="0" style="Default" rotation="0" justify="" flipped="False" hidden="True" data="Wurth Elektronik" />
    <text name="Manufacturer_Part_Number" originx="650" originy="200" style="Default" rotation="0" justify="left" flipped="False" hidden="False" data="694108301002" />
  </component>
</quadcept_library>
