<?xml version="1.0" encoding="utf-8"?>
<!--/365470/1902088/2.50/2/4/Inductor/-->
<quadcept_library>
  <setting unit="mil" />
  <textstyle name="Default" height="47.244094488189" strokewidth="7.8740157480315" charwidth="47.244094488189" />
  <textstyle name="Dimension" height="19.6850393700787" strokewidth="0" charwidth="19.6850393700787" />
  <textstyle name="H127W0635TH00762" height="50" strokewidth="3" charwidth="25" />
  <textstyle name="H15W15TH02" height="59.0551181102362" strokewidth="7.8740157480315" charwidth="59.0551181102362" />
  <padstyle name="r600_201" surface="True" plated="False" isvia="False" nopaste="False" nomask="True" complex="False" holesize="0">
    <padshape layer="TOP" shape="rectangle" width="79.133858267716" height="236.22047244094" />
    <padshape layer="TOP_SOLDER_MASK" shape="rectangle" width="87.007874015747" height="244.09448818897" />
    <padshape layer="TOP_SOLDER_PASTE" shape="rectangle" width="79.133858267716" height="236.22047244094" />
  </padstyle>
  <footprint name="SRN6045_1" originx="0" originy="0" pickpointx="0" pickpointy="0">
    <pcbpin number="1" name="1" style="r600_201" originx="-84.645669291338" originy="0" rotation="0" />
    <pcbpin number="2" name="2" style="r600_201" originx="84.645669291338" originy="0" rotation="0" />
    <line layer="TOP_ASSEMBLY" originx="-118.11023622047" originy="118.11023622047" endx="118.11023622047" endy="118.11023622047" width="7.8740157480314" />
    <line layer="TOP_ASSEMBLY" originx="118.11023622047" originy="118.11023622047" endx="118.11023622047" endy="-118.11023622047" width="7.8740157480314" />
    <line layer="TOP_ASSEMBLY" originx="118.11023622047" originy="-118.11023622047" endx="-118.11023622047" endy="-118.11023622047" width="7.8740157480314" />
    <line layer="TOP_ASSEMBLY" originx="-118.11023622047" originy="-118.11023622047" endx="-118.11023622047" endy="118.11023622047" width="7.8740157480314" />
    <line layer="TOP_SILKSCREEN" originx="-33.464566929133" originy="118.11023622047" endx="33.464566929133" endy="118.11023622047" width="7.8740157480314" />
    <line layer="TOP_SILKSCREEN" originx="-33.464566929133" originy="-118.11023622047" endx="33.464566929133" endy="-118.11023622047" width="7.8740157480314" />
  </footprint>
  <symbol name="SRN6045-4R7Y" originx="0" originy="0">
    <arc originx="250" originy="-2" startangle="177.7" sweepangle="-175.4" radius="50" width="0" />
    <arc originx="350" originy="-2" startangle="177.7" sweepangle="-175.4" radius="50" width="0" />
    <arc originx="450" originy="-2" startangle="177.7" sweepangle="-175.4" radius="50" width="0" />
    <arc originx="550" originy="-2" startangle="177.7" sweepangle="-175.4" radius="50" width="0" />
    <sympin number="1" originx="200" originy="0" rotation="180" length="100" width="7.8740157480315" flipped="False">
      <text name="pinname" originx="0" originy="-10" style="Default" rotation="0" justify="upperleft" flipped="False" hidden="True" data="1" />
      <text name="pindes" originx="0" originy="10" style="Default" rotation="0" justify="lowerleft" flipped="False" hidden="False" data="1" />
    </sympin>
    <sympin number="2" originx="600" originy="0" rotation="0" length="100" width="7.8740157480315" flipped="False">
      <text name="pinname" originx="800" originy="-10" style="Default" rotation="0" justify="upperright" flipped="False" hidden="True" data="2" />
      <text name="pindes" originx="800" originy="10" style="Default" rotation="0" justify="lowerright" flipped="False" hidden="False" data="2" />
    </sympin>
  </symbol>
  <component name="SRN6045-4R7Y" designatorprefix="L" height="0" footprint="SRN6045_1">
    <comppin designator="1" sympin="1" pinswap="0" gateswap="0" gate="1" group="1" side="" type="Any" name="1" />
    <comppin designator="2" sympin="2" pinswap="0" gateswap="0" gate="1" group="1" side="" type="Any" name="2" />
    <attached_symbol gate="1" name="SRN6045-4R7Y" />
    <pinmap designator="1" footprintpin="1" />
    <pinmap designator="2" footprintpin="2" />
    <text name="Datasheet" originx="0" originy="0" style="Default" rotation="0" justify="" flipped="False" hidden="True" data="https://www.bourns.com/data/global/pdfs/SRN6045.pdf" />
    <text name="Description" originx="0" originy="0" style="Default" rotation="0" justify="" flipped="False" hidden="True" data="Power Inductor semi-shielded SMD 4.7uH Bourns SRN6045 Series Shielded Wire-wound SMD Inductor with a Ferrite Core, 4.7 uH +/-30% 4A Idc" />
    <text name="Mouser Part Number" originx="0" originy="0" style="Default" rotation="0" justify="" flipped="False" hidden="True" data="652-SRN6045-4R7Y" />
    <text name="Mouser Price/Stock" originx="0" originy="0" style="Default" rotation="0" justify="" flipped="False" hidden="True" data="https://www.mouser.co.uk/ProductDetail/Bourns/SRN6045-4R7Y?qs=opBjA1TV902tB4tumIiZhg%3D%3D" />
    <text name="Manufacturer_Name" originx="0" originy="0" style="Default" rotation="0" justify="" flipped="False" hidden="True" data="Bourns" />
    <text name="Manufacturer_Part_Number" originx="650" originy="150" style="Default" rotation="0" justify="left" flipped="False" hidden="False" data="SRN6045-4R7Y" />
  </component>
</quadcept_library>
