<?xml version="1.0" encoding="utf-8"?>
<!--/21464029/962499/2.50/16/3/Connector/-->
<quadcept_library>
  <setting unit="mil" />
  <textstyle name="Default" height="47.244094488189" strokewidth="7.8740157480315" charwidth="47.244094488189" />
  <textstyle name="Dimension" height="19.6850393700787" strokewidth="0" charwidth="19.6850393700787" />
  <textstyle name="H127W0635TH00762" height="50" strokewidth="3" charwidth="25" />
  <textstyle name="H15W15TH02" height="59.0551181102362" strokewidth="7.8740157480315" charwidth="59.0551181102362" />
  <padstyle name="r90_35" surface="True" plated="False" isvia="False" nopaste="False" nomask="True" complex="False" holesize="0">
    <padshape layer="TOP" shape="rectangle" width="13.779527559055" height="35.433070866141" />
    <padshape layer="TOP_SOLDER_MASK" shape="rectangle" width="21.653543307086" height="43.307086614173" />
    <padshape layer="TOP_SOLDER_PASTE" shape="rectangle" width="13.779527559055" height="35.433070866141" />
  </padstyle>
  <padstyle name="r90_65" surface="True" plated="False" isvia="False" nopaste="False" nomask="True" complex="False" holesize="0">
    <padshape layer="TOP" shape="rectangle" width="25.590551181102" height="35.433070866141" />
    <padshape layer="TOP_SOLDER_MASK" shape="rectangle" width="33.464566929133" height="43.307086614173" />
    <padshape layer="TOP_SOLDER_PASTE" shape="rectangle" width="25.590551181102" height="35.433070866141" />
  </padstyle>
  <padstyle name="c201_h134" surface="False" plated="True" isvia="False" nopaste="True" nomask="True" complex="False" holesize="52.75590551181">
    <padshape layer="TOP" shape="round" width="79.133858267716" height="79.133858267716" />
    <padshape layer="TOP_SOLDER_MASK" shape="round" width="87.007874015747" height="87.007874015747" />
    <padshape layer="INNER" shape="round" width="79.133858267716" height="79.133858267716" />
    <padshape layer="BOTTOM" shape="round" width="79.133858267716" height="79.133858267716" />
    <padshape layer="BOTTOM_SOLDER_MASK" shape="round" width="87.007874015747" height="87.007874015747" />
  </padstyle>
  <footprint name="UJ20CHGMSMTR4CP16TR" originx="0" originy="0" pickpointx="0" pickpointy="0">
    <pcbpin number="1" name="A1" style="r90_65" originx="-125.9842519685" originy="148.62204724409" rotation="0" />
    <pcbpin number="2" name="A4" style="r90_65" originx="-94.488188976377" originy="148.62204724409" rotation="0" />
    <pcbpin number="3" name="A5" style="r90_35" originx="-49.212598425196" originy="148.62204724409" rotation="0" />
    <pcbpin number="4" name="A6" style="r90_35" originx="-9.8425196850392" originy="148.62204724409" rotation="0" />
    <pcbpin number="5" name="A7" style="r90_35" originx="9.8425196850392" originy="148.62204724409" rotation="0" />
    <pcbpin number="6" name="A8" style="r90_35" originx="49.212598425196" originy="148.62204724409" rotation="0" />
    <pcbpin number="7" name="A9" style="r90_65" originx="94.488188976377" originy="148.62204724409" rotation="0" />
    <pcbpin number="8" name="A12" style="r90_65" originx="125.9842519685" originy="148.62204724409" rotation="0" />
    <pcbpin number="9" name="B5" style="r90_35" originx="68.897637795275" originy="148.62204724409" rotation="0" />
    <pcbpin number="10" name="B6" style="r90_35" originx="29.527559055118" originy="148.62204724409" rotation="0" />
    <pcbpin number="11" name="B7" style="r90_35" originx="-29.527559055118" originy="148.62204724409" rotation="0" />
    <pcbpin number="12" name="B8" style="r90_35" originx="-68.897637795275" originy="148.62204724409" rotation="0" />
    <pcbpin number="13" name="MH1" style="c201_h134" originx="-221.25984251968" originy="111.22047244094" rotation="90" />
    <pcbpin number="14" name="MH2" style="c201_h134" originx="221.25984251968" originy="111.22047244094" rotation="90" />
    <pcbpin number="15" name="MH3" style="c201_h134" originx="-221.25984251968" originy="-2.9527559055118" rotation="90" />
    <pcbpin number="16" name="MH4" style="c201_h134" originx="221.25984251968" originy="-2.9527559055118" rotation="90" />
    <line layer="TOP_ASSEMBLY" originx="-176.3779527559" originy="126.96850393701" endx="176.3779527559" endy="126.96850393701" width="3.9370078740157" />
    <line layer="TOP_ASSEMBLY" originx="176.3779527559" originy="126.96850393701" endx="176.3779527559" endy="-69.881889763779" width="3.9370078740157" />
    <line layer="TOP_ASSEMBLY" originx="176.3779527559" originy="-69.881889763779" endx="-176.3779527559" endy="-69.881889763779" width="3.9370078740157" />
    <line layer="TOP_ASSEMBLY" originx="-176.3779527559" originy="-69.881889763779" endx="-176.3779527559" endy="126.96850393701" width="3.9370078740157" />
    <line layer="TOP_PLACE_BOUND" originx="-300.1968503937" originy="205.70866141732" endx="300.1968503937" endy="205.70866141732" width="3.9370078740157" />
    <line layer="TOP_PLACE_BOUND" originx="300.1968503937" originy="205.70866141732" endx="300.1968503937" endy="-187.99212598425" width="3.9370078740157" />
    <line layer="TOP_PLACE_BOUND" originx="300.1968503937" originy="-187.99212598425" endx="-300.1968503937" endy="-187.99212598425" width="3.9370078740157" />
    <line layer="TOP_PLACE_BOUND" originx="-300.1968503937" originy="-187.99212598425" endx="-300.1968503937" endy="205.70866141732" width="3.9370078740157" />
    <line layer="TOP_ASSEMBLY" originx="-118.11023622047" originy="-69.881889763779" endx="-118.11023622047" endy="-148.62204724409" width="3.9370078740157" />
    <line layer="TOP_ASSEMBLY" originx="-118.11023622047" originy="-148.62204724409" endx="118.11023622047" endy="-148.62204724409" width="3.9370078740157" />
    <line layer="TOP_ASSEMBLY" originx="118.11023622047" originy="-148.62204724409" endx="118.11023622047" endy="-69.881889763779" width="3.9370078740157" />
    <line layer="TOP_SILKSCREEN" originx="-118.11023622047" originy="-69.881889763779" endx="-118.11023622047" endy="-148.62204724409" width="7.8740157480314" />
    <line layer="TOP_SILKSCREEN" originx="-118.11023622047" originy="-148.62204724409" endx="118.11023622047" endy="-148.62204724409" width="7.8740157480314" />
    <line layer="TOP_SILKSCREEN" originx="118.11023622047" originy="-148.62204724409" endx="118.11023622047" endy="-69.881889763779" width="7.8740157480314" />
    <line layer="TOP_SILKSCREEN" originx="-176.3779527559" originy="-50.1968503937" endx="-176.3779527559" endy="-69.881889763779" width="7.8740157480314" />
    <line layer="TOP_SILKSCREEN" originx="-176.3779527559" originy="-69.881889763779" endx="176.3779527559" endy="-69.881889763779" width="7.8740157480314" />
    <line layer="TOP_SILKSCREEN" originx="176.3779527559" originy="-69.881889763779" endx="176.3779527559" endy="-50.1968503937" width="7.8740157480314" />
    <line layer="TOP_PLACE_BOUND" originx="0" originy="130.90551181102" endx="-184.25196850393" endy="130.90551181102" width="3.9370078740157" />
    <line layer="TOP_PLACE_BOUND" originx="-184.25196850393" originy="130.90551181102" endx="-184.25196850393" endy="-69.881889763779" width="3.9370078740157" />
    <line layer="TOP_PLACE_BOUND" originx="-184.25196850393" originy="-69.881889763779" endx="-300.1968503937" endy="-69.881889763779" width="3.9370078740157" />
    <line layer="TOP_PLACE_BOUND" originx="-300.1968503937" originy="-69.881889763779" endx="-300.1968503937" endy="205.70866141732" width="3.9370078740157" />
    <line layer="TOP_PLACE_BOUND" originx="-300.1968503937" originy="205.70866141732" endx="300.1968503937" endy="205.70866141732" width="3.9370078740157" />
    <line layer="TOP_PLACE_BOUND" originx="300.1968503937" originy="205.70866141732" endx="300.1968503937" endy="-69.881889763779" width="3.9370078740157" />
    <line layer="TOP_PLACE_BOUND" originx="300.1968503937" originy="-69.881889763779" endx="184.25196850393" endy="-69.881889763779" width="3.9370078740157" />
    <line layer="TOP_PLACE_BOUND" originx="184.25196850393" originy="-69.881889763779" endx="184.25196850393" endy="130.90551181102" width="3.9370078740157" />
    <line layer="TOP_PLACE_BOUND" originx="184.25196850393" originy="130.90551181102" endx="0" endy="130.90551181102" width="3.9370078740157" />
    <line layer="TOP_SILKSCREEN" originx="-125.9842519685" originy="185.03937007874" endx="-125.9842519685" endy="185.03937007874" width="3.9370078740157" />
    <arc layer="TOP_SILKSCREEN" originx="-125.9842519685" originy="183.07086614173" startangle="90.0" sweepangle="180.0" radius="1.9685039370079" width="3.9370078740157" />
    <line layer="TOP_SILKSCREEN" originx="-125.9842519685" originy="181.10236220472" endx="-125.9842519685" endy="181.10236220472" width="3.9370078740157" />
    <arc layer="TOP_SILKSCREEN" originx="-125.9842519685" originy="183.07086614173" startangle="-90.0" sweepangle="180.0" radius="1.9685039370079" width="3.9370078740157" />
  </footprint>
  <symbol name="UJ20-C-H-G-MSMT-R-4C-P16-TR" originx="0" originy="0">
    <line originx="200" originy="100" endx="1000" endy="100" width="0" />
    <line originx="1000" originy="-800" endx="1000" endy="100" width="0" />
    <line originx="1000" originy="-800" endx="200" endy="-800" width="0" />
    <line originx="200" originy="100" endx="200" endy="-800" width="0" />
    <sympin number="1" originx="200" originy="0" rotation="180" length="100" width="7.8740157480315" flipped="False">
      <text name="pinname" originx="230" originy="0" style="Default" rotation="0" justify="left" flipped="False" hidden="False" data="GND_1" />
      <text name="pindes" originx="140" originy="20" style="Default" rotation="0" justify="lowerright" flipped="False" hidden="False" data="A1" />
    </sympin>
    <sympin number="2" originx="200" originy="-100" rotation="180" length="100" width="7.8740157480315" flipped="False">
      <text name="pinname" originx="230" originy="-100" style="Default" rotation="0" justify="left" flipped="False" hidden="False" data="VBUS_1" />
      <text name="pindes" originx="140" originy="-80" style="Default" rotation="0" justify="lowerright" flipped="False" hidden="False" data="A4" />
    </sympin>
    <sympin number="3" originx="200" originy="-200" rotation="180" length="100" width="7.8740157480315" flipped="False">
      <text name="pinname" originx="230" originy="-200" style="Default" rotation="0" justify="left" flipped="False" hidden="False" data="CC1" />
      <text name="pindes" originx="140" originy="-180" style="Default" rotation="0" justify="lowerright" flipped="False" hidden="False" data="A5" />
    </sympin>
    <sympin number="4" originx="200" originy="-300" rotation="180" length="100" width="7.8740157480315" flipped="False">
      <text name="pinname" originx="230" originy="-300" style="Default" rotation="0" justify="left" flipped="False" hidden="False" data="DP1" />
      <text name="pindes" originx="140" originy="-280" style="Default" rotation="0" justify="lowerright" flipped="False" hidden="False" data="A6" />
    </sympin>
    <sympin number="5" originx="200" originy="-400" rotation="180" length="100" width="7.8740157480315" flipped="False">
      <text name="pinname" originx="230" originy="-400" style="Default" rotation="0" justify="left" flipped="False" hidden="False" data="DN1" />
      <text name="pindes" originx="140" originy="-380" style="Default" rotation="0" justify="lowerright" flipped="False" hidden="False" data="A7" />
    </sympin>
    <sympin number="6" originx="200" originy="-500" rotation="180" length="100" width="7.8740157480315" flipped="False">
      <text name="pinname" originx="230" originy="-500" style="Default" rotation="0" justify="left" flipped="False" hidden="False" data="SBU1" />
      <text name="pindes" originx="140" originy="-480" style="Default" rotation="0" justify="lowerright" flipped="False" hidden="False" data="A8" />
    </sympin>
    <sympin number="7" originx="200" originy="-600" rotation="180" length="100" width="7.8740157480315" flipped="False">
      <text name="pinname" originx="230" originy="-600" style="Default" rotation="0" justify="left" flipped="False" hidden="False" data="VBUS_2" />
      <text name="pindes" originx="140" originy="-580" style="Default" rotation="0" justify="lowerright" flipped="False" hidden="False" data="A9" />
    </sympin>
    <sympin number="8" originx="200" originy="-700" rotation="180" length="100" width="7.8740157480315" flipped="False">
      <text name="pinname" originx="230" originy="-700" style="Default" rotation="0" justify="left" flipped="False" hidden="False" data="GND_2" />
      <text name="pindes" originx="140" originy="-680" style="Default" rotation="0" justify="lowerright" flipped="False" hidden="False" data="A12" />
    </sympin>
    <sympin number="9" originx="1000" originy="0" rotation="0" length="100" width="7.8740157480315" flipped="False">
      <text name="pinname" originx="970" originy="0" style="Default" rotation="0" justify="right" flipped="False" hidden="False" data="CC2" />
      <text name="pindes" originx="1060" originy="20" style="Default" rotation="0" justify="lowerleft" flipped="False" hidden="False" data="B5" />
    </sympin>
    <sympin number="10" originx="1000" originy="-100" rotation="0" length="100" width="7.8740157480315" flipped="False">
      <text name="pinname" originx="970" originy="-100" style="Default" rotation="0" justify="right" flipped="False" hidden="False" data="DP2" />
      <text name="pindes" originx="1060" originy="-80" style="Default" rotation="0" justify="lowerleft" flipped="False" hidden="False" data="B6" />
    </sympin>
    <sympin number="11" originx="1000" originy="-200" rotation="0" length="100" width="7.8740157480315" flipped="False">
      <text name="pinname" originx="970" originy="-200" style="Default" rotation="0" justify="right" flipped="False" hidden="False" data="DN2" />
      <text name="pindes" originx="1060" originy="-180" style="Default" rotation="0" justify="lowerleft" flipped="False" hidden="False" data="B7" />
    </sympin>
    <sympin number="12" originx="1000" originy="-300" rotation="0" length="100" width="7.8740157480315" flipped="False">
      <text name="pinname" originx="970" originy="-300" style="Default" rotation="0" justify="right" flipped="False" hidden="False" data="SBU2" />
      <text name="pindes" originx="1060" originy="-280" style="Default" rotation="0" justify="lowerleft" flipped="False" hidden="False" data="B8" />
    </sympin>
    <sympin number="13" originx="1000" originy="-400" rotation="0" length="100" width="7.8740157480315" flipped="False">
      <text name="pinname" originx="970" originy="-400" style="Default" rotation="0" justify="right" flipped="False" hidden="False" data="MH_1" />
      <text name="pindes" originx="1060" originy="-380" style="Default" rotation="0" justify="lowerleft" flipped="False" hidden="False" data="MH1" />
    </sympin>
    <sympin number="14" originx="1000" originy="-500" rotation="0" length="100" width="7.8740157480315" flipped="False">
      <text name="pinname" originx="970" originy="-500" style="Default" rotation="0" justify="right" flipped="False" hidden="False" data="MH_2" />
      <text name="pindes" originx="1060" originy="-480" style="Default" rotation="0" justify="lowerleft" flipped="False" hidden="False" data="MH2" />
    </sympin>
    <sympin number="15" originx="1000" originy="-600" rotation="0" length="100" width="7.8740157480315" flipped="False">
      <text name="pinname" originx="970" originy="-600" style="Default" rotation="0" justify="right" flipped="False" hidden="False" data="MH_3" />
      <text name="pindes" originx="1060" originy="-580" style="Default" rotation="0" justify="lowerleft" flipped="False" hidden="False" data="MH3" />
    </sympin>
    <sympin number="16" originx="1000" originy="-700" rotation="0" length="100" width="7.8740157480315" flipped="False">
      <text name="pinname" originx="970" originy="-700" style="Default" rotation="0" justify="right" flipped="False" hidden="False" data="MH_4" />
      <text name="pindes" originx="1060" originy="-680" style="Default" rotation="0" justify="lowerleft" flipped="False" hidden="False" data="MH4" />
    </sympin>
  </symbol>
  <component name="UJ20-C-H-G-MSMT-R-4C-P16-TR" designatorprefix="J" height="132.28346456693" footprint="UJ20CHGMSMTR4CP16TR">
    <comppin designator="A1" sympin="1" pinswap="0" gateswap="0" gate="1" group="1" side="" type="Any" name="GND_1" />
    <comppin designator="A4" sympin="2" pinswap="0" gateswap="0" gate="1" group="1" side="" type="Any" name="VBUS_1" />
    <comppin designator="A5" sympin="3" pinswap="0" gateswap="0" gate="1" group="1" side="" type="Any" name="CC1" />
    <comppin designator="A6" sympin="4" pinswap="0" gateswap="0" gate="1" group="1" side="" type="Any" name="DP1" />
    <comppin designator="A7" sympin="5" pinswap="0" gateswap="0" gate="1" group="1" side="" type="Any" name="DN1" />
    <comppin designator="A8" sympin="6" pinswap="0" gateswap="0" gate="1" group="1" side="" type="Any" name="SBU1" />
    <comppin designator="A9" sympin="7" pinswap="0" gateswap="0" gate="1" group="1" side="" type="Any" name="VBUS_2" />
    <comppin designator="A12" sympin="8" pinswap="0" gateswap="0" gate="1" group="1" side="" type="Any" name="GND_2" />
    <comppin designator="B5" sympin="9" pinswap="0" gateswap="0" gate="1" group="1" side="" type="Any" name="CC2" />
    <comppin designator="B6" sympin="10" pinswap="0" gateswap="0" gate="1" group="1" side="" type="Any" name="DP2" />
    <comppin designator="B7" sympin="11" pinswap="0" gateswap="0" gate="1" group="1" side="" type="Any" name="DN2" />
    <comppin designator="B8" sympin="12" pinswap="0" gateswap="0" gate="1" group="1" side="" type="Any" name="SBU2" />
    <comppin designator="MH1" sympin="13" pinswap="0" gateswap="0" gate="1" group="1" side="" type="Any" name="MH_1" />
    <comppin designator="MH2" sympin="14" pinswap="0" gateswap="0" gate="1" group="1" side="" type="Any" name="MH_2" />
    <comppin designator="MH3" sympin="15" pinswap="0" gateswap="0" gate="1" group="1" side="" type="Any" name="MH_3" />
    <comppin designator="MH4" sympin="16" pinswap="0" gateswap="0" gate="1" group="1" side="" type="Any" name="MH_4" />
    <attached_symbol gate="1" name="UJ20-C-H-G-MSMT-R-4C-P16-TR" />
    <pinmap designator="A1" footprintpin="1" />
    <pinmap designator="A4" footprintpin="2" />
    <pinmap designator="A5" footprintpin="3" />
    <pinmap designator="A6" footprintpin="4" />
    <pinmap designator="A7" footprintpin="5" />
    <pinmap designator="A8" footprintpin="6" />
    <pinmap designator="A9" footprintpin="7" />
    <pinmap designator="A12" footprintpin="8" />
    <pinmap designator="B5" footprintpin="9" />
    <pinmap designator="B6" footprintpin="10" />
    <pinmap designator="B7" footprintpin="11" />
    <pinmap designator="B8" footprintpin="12" />
    <pinmap designator="MH1" footprintpin="13" />
    <pinmap designator="MH2" footprintpin="14" />
    <pinmap designator="MH3" footprintpin="15" />
    <pinmap designator="MH4" footprintpin="16" />
    <text name="Datasheet" originx="0" originy="0" style="Default" rotation="0" justify="" flipped="False" hidden="True" data="https://www.sameskydevices.com/product/resource/uj20-c-h-g-msmt-r-4c-p16-tr.pdf" />
    <text name="Description" originx="0" originy="0" style="Default" rotation="0" justify="" flipped="False" hidden="True" data="Type C, USB 2.0, 480 Mbps, 20 Vdc, 3 A, Horizontal, Mid Mount SMT, SMT Contacts, Gold Flash, Recessed Lip, 16 Pins, Ultra Low Profile 1.56mm, USB" />
    <text name="Mouser Part Number" originx="0" originy="0" style="Default" rotation="0" justify="" flipped="False" hidden="True" data="" />
    <text name="Mouser Price/Stock" originx="0" originy="0" style="Default" rotation="0" justify="" flipped="False" hidden="True" data="" />
    <text name="Manufacturer_Name" originx="0" originy="0" style="Default" rotation="0" justify="" flipped="False" hidden="True" data="Same Sky" />
    <text name="Manufacturer_Part_Number" originx="1050" originy="200" style="Default" rotation="0" justify="left" flipped="False" hidden="False" data="UJ20-C-H-G-MSMT-R-4C-P16-TR" />
  </component>
</quadcept_library>
