<?xml version="1.0" encoding="utf-8"?>
<!--/13266575/1902088/2.50/3/2/Connector/-->
<quadcept_library>
  <setting unit="mil" />
  <textstyle name="Default" height="47.244094488189" strokewidth="7.8740157480315" charwidth="47.244094488189" />
  <textstyle name="Dimension" height="19.6850393700787" strokewidth="0" charwidth="19.6850393700787" />
  <textstyle name="H127W0635TH00762" height="50" strokewidth="3" charwidth="25" />
  <textstyle name="H15W15TH02" height="59.0551181102362" strokewidth="7.8740157480315" charwidth="59.0551181102362" />
  <padstyle name="c195_h130" surface="False" plated="True" isvia="False" nopaste="True" nomask="True" complex="False" holesize="51.181102362204">
    <padshape layer="TOP" shape="round" width="76.771653543306" height="76.771653543306" />
    <padshape layer="TOP_SOLDER_MASK" shape="round" width="84.645669291338" height="84.645669291338" />
    <padshape layer="INNER" shape="round" width="76.771653543306" height="76.771653543306" />
    <padshape layer="BOTTOM" shape="round" width="76.771653543306" height="76.771653543306" />
    <padshape layer="BOTTOM_SOLDER_MASK" shape="round" width="84.645669291338" height="84.645669291338" />
  </padstyle>
  <footprint name="691137710003" originx="0" originy="0" pickpointx="0" pickpointy="0">
    <pcbpin number="1" name="1" style="c195_h130" originx="0" originy="0" rotation="90" />
    <pcbpin number="2" name="2" style="c195_h130" originx="196.85039370078" originy="0" rotation="90" />
    <pcbpin number="3" name="3" style="c195_h130" originx="393.70078740157" originy="0" rotation="90" />
    <line layer="TOP_ASSEMBLY" originx="-98.425196850392" originy="157.48031496063" endx="492.12598425196" endy="157.48031496063" width="7.8740157480314" />
    <line layer="TOP_ASSEMBLY" originx="492.12598425196" originy="157.48031496063" endx="492.12598425196" endy="-137.79527559055" width="7.8740157480314" />
    <line layer="TOP_ASSEMBLY" originx="492.12598425196" originy="-137.79527559055" endx="-98.425196850392" endy="-137.79527559055" width="7.8740157480314" />
    <line layer="TOP_ASSEMBLY" originx="-98.425196850392" originy="-137.79527559055" endx="-98.425196850392" endy="157.48031496063" width="7.8740157480314" />
    <line layer="TOP_SILKSCREEN" originx="-98.425196850392" originy="157.48031496063" endx="492.12598425196" endy="157.48031496063" width="3.9370078740157" />
    <line layer="TOP_SILKSCREEN" originx="492.12598425196" originy="157.48031496063" endx="492.12598425196" endy="-137.79527559055" width="3.9370078740157" />
    <line layer="TOP_SILKSCREEN" originx="492.12598425196" originy="-137.79527559055" endx="-98.425196850392" endy="-137.79527559055" width="3.9370078740157" />
    <line layer="TOP_SILKSCREEN" originx="-98.425196850392" originy="-137.79527559055" endx="-98.425196850392" endy="157.48031496063" width="3.9370078740157" />
    <line layer="TOP_PLACE_BOUND" originx="-185.03937007874" originy="196.85039370078" endx="531.49606299212" endy="196.85039370078" width="3.9370078740157" />
    <line layer="TOP_PLACE_BOUND" originx="531.49606299212" originy="196.85039370078" endx="531.49606299212" endy="-177.16535433071" width="3.9370078740157" />
    <line layer="TOP_PLACE_BOUND" originx="531.49606299212" originy="-177.16535433071" endx="-185.03937007874" endy="-177.16535433071" width="3.9370078740157" />
    <line layer="TOP_PLACE_BOUND" originx="-185.03937007874" originy="-177.16535433071" endx="-185.03937007874" endy="196.85039370078" width="3.9370078740157" />
    <line layer="TOP_SILKSCREEN" originx="-137.79527559055" originy="0" endx="-137.79527559055" endy="0" width="7.8740157480314" />
    <arc layer="TOP_SILKSCREEN" originx="-141.73228346457" originy="0" startangle=".0" sweepangle="180.0" radius="3.9370078740157" width="7.8740157480314" />
    <line layer="TOP_SILKSCREEN" originx="-145.66929133858" originy="0" endx="-145.66929133858" endy="0" width="7.8740157480314" />
    <arc layer="TOP_SILKSCREEN" originx="-141.73228346457" originy="0" startangle="180.0" sweepangle="180.0" radius="3.9370078740157" width="7.8740157480314" />
  </footprint>
  <symbol name="691137710003" originx="0" originy="0">
    <line originx="200" originy="100" endx="600" endy="100" width="0" />
    <line originx="600" originy="-300" endx="600" endy="100" width="0" />
    <line originx="600" originy="-300" endx="200" endy="-300" width="0" />
    <line originx="200" originy="100" endx="200" endy="-300" width="0" />
    <sympin number="1" originx="200" originy="0" rotation="180" length="100" width="7.8740157480315" flipped="False">
      <text name="pinname" originx="230" originy="0" style="Default" rotation="0" justify="left" flipped="False" hidden="False" data="1" />
      <text name="pindes" originx="140" originy="20" style="Default" rotation="0" justify="lowerright" flipped="False" hidden="False" data="1" />
    </sympin>
    <sympin number="2" originx="200" originy="-100" rotation="180" length="100" width="7.8740157480315" flipped="False">
      <text name="pinname" originx="230" originy="-100" style="Default" rotation="0" justify="left" flipped="False" hidden="False" data="2" />
      <text name="pindes" originx="140" originy="-80" style="Default" rotation="0" justify="lowerright" flipped="False" hidden="False" data="2" />
    </sympin>
    <sympin number="3" originx="200" originy="-200" rotation="180" length="100" width="7.8740157480315" flipped="False">
      <text name="pinname" originx="230" originy="-200" style="Default" rotation="0" justify="left" flipped="False" hidden="False" data="3" />
      <text name="pindes" originx="140" originy="-180" style="Default" rotation="0" justify="lowerright" flipped="False" hidden="False" data="3" />
    </sympin>
  </symbol>
  <component name="691137710003" designatorprefix="J" height="452.75590551181" footprint="691137710003">
    <comppin designator="1" sympin="1" pinswap="0" gateswap="0" gate="1" group="1" side="" type="Any" name="1" />
    <comppin designator="2" sympin="2" pinswap="0" gateswap="0" gate="1" group="1" side="" type="Any" name="2" />
    <comppin designator="3" sympin="3" pinswap="0" gateswap="0" gate="1" group="1" side="" type="Any" name="3" />
    <attached_symbol gate="1" name="691137710003" />
    <pinmap designator="1" footprintpin="1" />
    <pinmap designator="2" footprintpin="2" />
    <pinmap designator="3" footprintpin="3" />
    <text name="Datasheet" originx="0" originy="0" style="Default" rotation="0" justify="" flipped="False" hidden="True" data="https://www.we-online.com/components/products/download/691137710003 (rev1).pdf" />
    <text name="Description" originx="0" originy="0" style="Default" rotation="0" justify="" flipped="False" hidden="True" data="WR-TBL Terminal block - Wire protector - THT MRT12P5/3VE Serie 1377 - 5,0mm pitch - Monoblock THT - Green - Horizontal cable entry Wire Protector 11.5mm height - 03p" />
    <text name="Mouser Part Number" originx="0" originy="0" style="Default" rotation="0" justify="" flipped="False" hidden="True" data="710-691137710003" />
    <text name="Mouser Price/Stock" originx="0" originy="0" style="Default" rotation="0" justify="" flipped="False" hidden="True" data="https://www.mouser.co.uk/ProductDetail/Wurth-Elektronik/691137710003?qs=lBTPRtX1sU9o6BU5kiMA0Q%3D%3D" />
    <text name="Manufacturer_Name" originx="0" originy="0" style="Default" rotation="0" justify="" flipped="False" hidden="True" data="Wurth Elektronik" />
    <text name="Manufacturer_Part_Number" originx="650" originy="200" style="Default" rotation="0" justify="left" flipped="False" hidden="False" data="691137710003" />
  </component>
</quadcept_library>
