<?xml version="1.0" encoding="utf-8"?>
<!--/403416/962499/2.50/3/4/Integrated Circuit/-->
<quadcept_library>
  <setting unit="mil" />
  <textstyle name="Default" height="47.244094488189" strokewidth="7.8740157480315" charwidth="47.244094488189" />
  <textstyle name="Dimension" height="19.6850393700787" strokewidth="0" charwidth="19.6850393700787" />
  <textstyle name="H127W0635TH00762" height="50" strokewidth="3" charwidth="25" />
  <textstyle name="H15W15TH02" height="59.0551181102362" strokewidth="7.8740157480315" charwidth="59.0551181102362" />
  <padstyle name="r130_60" surface="True" plated="False" isvia="False" nopaste="False" nomask="True" complex="False" holesize="0">
    <padshape layer="TOP" shape="rectangle" width="23.622047244094" height="51.181102362204" />
    <padshape layer="TOP_SOLDER_MASK" shape="rectangle" width="31.496062992126" height="59.055118110235" />
    <padshape layer="TOP_SOLDER_PASTE" shape="rectangle" width="23.622047244094" height="51.181102362204" />
  </padstyle>
  <footprint name="SOT95P237X112-3N" originx="0" originy="0" pickpointx="0" pickpointy="0">
    <pcbpin number="1" name="1" style="r130_60" originx="-41.338582677165" originy="37.401574803149" rotation="90" />
    <pcbpin number="2" name="2" style="r130_60" originx="-41.338582677165" originy="-37.401574803149" rotation="90" />
    <pcbpin number="3" name="3" style="r130_60" originx="41.338582677165" originy="0" rotation="90" />
    <line layer="TOP_PLACE_BOUND" originx="-76.771653543306" originy="69.685039370078" endx="76.771653543306" endy="69.685039370078" width="1.9685039370079" />
    <line layer="TOP_PLACE_BOUND" originx="76.771653543306" originy="69.685039370078" endx="76.771653543306" endy="-69.685039370078" width="1.9685039370079" />
    <line layer="TOP_PLACE_BOUND" originx="76.771653543306" originy="-69.685039370078" endx="-76.771653543306" endy="-69.685039370078" width="1.9685039370079" />
    <line layer="TOP_PLACE_BOUND" originx="-76.771653543306" originy="-69.685039370078" endx="-76.771653543306" endy="69.685039370078" width="1.9685039370079" />
    <line layer="TOP_ASSEMBLY" originx="-25.590551181102" originy="57.480314960629" endx="25.590551181102" endy="57.480314960629" width="3.9370078740157" />
    <line layer="TOP_ASSEMBLY" originx="25.590551181102" originy="57.480314960629" endx="25.590551181102" endy="-57.480314960629" width="3.9370078740157" />
    <line layer="TOP_ASSEMBLY" originx="25.590551181102" originy="-57.480314960629" endx="-25.590551181102" endy="-57.480314960629" width="3.9370078740157" />
    <line layer="TOP_ASSEMBLY" originx="-25.590551181102" originy="-57.480314960629" endx="-25.590551181102" endy="57.480314960629" width="3.9370078740157" />
    <line layer="TOP_ASSEMBLY" originx="-25.590551181102" originy="20.07874015748" endx="11.811023622047" endy="57.480314960629" width="3.9370078740157" />
    <line layer="TOP_SILKSCREEN" originx="-1.9685039370079" originy="57.480314960629" endx="1.9685039370079" endy="57.480314960629" width="7.8740157480314" />
    <line layer="TOP_SILKSCREEN" originx="1.9685039370079" originy="57.480314960629" endx="1.9685039370079" endy="-57.480314960629" width="7.8740157480314" />
    <line layer="TOP_SILKSCREEN" originx="1.9685039370079" originy="-57.480314960629" endx="-1.9685039370079" endy="-57.480314960629" width="7.8740157480314" />
    <line layer="TOP_SILKSCREEN" originx="-1.9685039370079" originy="-57.480314960629" endx="-1.9685039370079" endy="57.480314960629" width="7.8740157480314" />
    <line layer="TOP_SILKSCREEN" originx="-66.929133858267" originy="59.055118110235" endx="-15.748031496063" endy="59.055118110235" width="7.8740157480314" />
  </footprint>
  <symbol name="SI2318CDS-T1-GE3" originx="0" originy="0">
    <line originx="200" originy="100" endx="600" endy="100" width="0" />
    <line originx="600" originy="-200" endx="600" endy="100" width="0" />
    <line originx="600" originy="-200" endx="200" endy="-200" width="0" />
    <line originx="200" originy="100" endx="200" endy="-200" width="0" />
    <sympin number="1" originx="200" originy="0" rotation="180" length="100" width="7.8740157480315" flipped="False">
      <text name="pinname" originx="230" originy="0" style="Default" rotation="0" justify="left" flipped="False" hidden="False" data="G" />
      <text name="pindes" originx="140" originy="20" style="Default" rotation="0" justify="lowerright" flipped="False" hidden="False" data="1" />
    </sympin>
    <sympin number="2" originx="200" originy="-100" rotation="180" length="100" width="7.8740157480315" flipped="False">
      <text name="pinname" originx="230" originy="-100" style="Default" rotation="0" justify="left" flipped="False" hidden="False" data="S" />
      <text name="pindes" originx="140" originy="-80" style="Default" rotation="0" justify="lowerright" flipped="False" hidden="False" data="2" />
    </sympin>
    <sympin number="3" originx="600" originy="0" rotation="0" length="100" width="7.8740157480315" flipped="False">
      <text name="pinname" originx="570" originy="0" style="Default" rotation="0" justify="right" flipped="False" hidden="False" data="D" />
      <text name="pindes" originx="660" originy="20" style="Default" rotation="0" justify="lowerleft" flipped="False" hidden="False" data="3" />
    </sympin>
  </symbol>
  <component name="SI2318CDS-T1-GE3" designatorprefix="IC" height="44.094488188976" footprint="SOT95P237X112-3N">
    <comppin designator="1" sympin="1" pinswap="0" gateswap="0" gate="1" group="1" side="" type="Any" name="G" />
    <comppin designator="2" sympin="2" pinswap="0" gateswap="0" gate="1" group="1" side="" type="Any" name="S" />
    <comppin designator="3" sympin="3" pinswap="0" gateswap="0" gate="1" group="1" side="" type="Any" name="D" />
    <attached_symbol gate="1" name="SI2318CDS-T1-GE3" />
    <pinmap designator="1" footprintpin="1" />
    <pinmap designator="2" footprintpin="2" />
    <pinmap designator="3" footprintpin="3" />
    <text name="Datasheet" originx="0" originy="0" style="Default" rotation="0" justify="" flipped="False" hidden="True" data="" />
    <text name="Description" originx="0" originy="0" style="Default" rotation="0" justify="" flipped="False" hidden="True" data="Vishay SI2318CDS-T1-GE3 N-channel MOSFET Transistor, 5.6 A, 40 V, 3-Pin SOT-23" />
    <text name="Mouser Part Number" originx="0" originy="0" style="Default" rotation="0" justify="" flipped="False" hidden="True" data="781-SI2318CDS-T1-GE3" />
    <text name="Mouser Price/Stock" originx="0" originy="0" style="Default" rotation="0" justify="" flipped="False" hidden="True" data="https://www.mouser.co.uk/ProductDetail/Vishay-Semiconductors/SI2318CDS-T1-GE3?qs=FfLXECYddQRc%2F6NWDH3T%252Bw%3D%3D" />
    <text name="Manufacturer_Name" originx="0" originy="0" style="Default" rotation="0" justify="" flipped="False" hidden="True" data="Vishay" />
    <text name="Manufacturer_Part_Number" originx="650" originy="200" style="Default" rotation="0" justify="left" flipped="False" hidden="False" data="SI2318CDS-T1-GE3" />
  </component>
</quadcept_library>
