<?xml version="1.0" encoding="utf-8"?>
<!--/601529/1902088/2.50/2/0/Capacitor/-->
<quadcept_library>
  <setting unit="mil" />
  <textstyle name="Default" height="47.244094488189" strokewidth="7.8740157480315" charwidth="47.244094488189" />
  <textstyle name="Dimension" height="19.6850393700787" strokewidth="0" charwidth="19.6850393700787" />
  <textstyle name="H127W0635TH00762" height="50" strokewidth="3" charwidth="25" />
  <textstyle name="H15W15TH02" height="59.0551181102362" strokewidth="7.8740157480315" charwidth="59.0551181102362" />
  <padstyle name="r180.34_91.44" surface="True" plated="False" isvia="False" nopaste="False" nomask="True" complex="False" holesize="0">
    <padshape layer="TOP" shape="rectangle" width="36" height="70.999999999999" />
    <padshape layer="TOP_SOLDER_MASK" shape="rectangle" width="43.874015748031" height="78.874015748031" />
    <padshape layer="TOP_SOLDER_PASTE" shape="rectangle" width="36" height="70.999999999999" />
  </padstyle>
  <footprint name="CAPC3216X180N" originx="0" originy="0" pickpointx="0" pickpointy="0">
    <pcbpin number="1" name="1" style="r180.34_91.44" originx="-54.999999999999" originy="0" rotation="0" />
    <pcbpin number="2" name="2" style="r180.34_91.44" originx="54.999999999999" originy="0" rotation="0" />
    <line layer="TOP_SILKSCREEN" originx="-24" originy="-35" endx="24" endy="-35" width="5.9999999999999" />
    <line layer="TOP_SILKSCREEN" originx="24" originy="35" endx="-24" endy="35" width="5.9999999999999" />
  </footprint>
  <symbol name="TMK316BJ106KL-T" originx="0" originy="0">
    <line originx="220" originy="100" endx="220" endy="-100" width="0" />
    <line originx="280" originy="100" endx="280" endy="-100" width="0" />
    <line originx="200" originy="0" endx="220" endy="0" width="0" />
    <line originx="280" originy="0" endx="300" endy="0" width="0" />
    <sympin number="1" originx="200" originy="0" rotation="180" length="100" width="7.8740157480315" flipped="False">
      <text name="pinname" originx="0" originy="-10" style="Default" rotation="0" justify="upperleft" flipped="False" hidden="True" data="1" />
      <text name="pindes" originx="0" originy="10" style="Default" rotation="0" justify="lowerleft" flipped="False" hidden="False" data="1" />
    </sympin>
    <sympin number="2" originx="300" originy="0" rotation="0" length="100" width="7.8740157480315" flipped="False">
      <text name="pinname" originx="500" originy="-10" style="Default" rotation="0" justify="upperright" flipped="False" hidden="True" data="2" />
      <text name="pindes" originx="500" originy="10" style="Default" rotation="0" justify="lowerright" flipped="False" hidden="False" data="2" />
    </sympin>
  </symbol>
  <component name="TMK316BJ106KL-T" designatorprefix="C" height="0" footprint="CAPC3216X180N">
    <comppin designator="1" sympin="1" pinswap="0" gateswap="0" gate="1" group="1" side="" type="Any" name="1" />
    <comppin designator="2" sympin="2" pinswap="0" gateswap="0" gate="1" group="1" side="" type="Any" name="2" />
    <attached_symbol gate="1" name="TMK316BJ106KL-T" />
    <pinmap designator="1" footprintpin="1" />
    <pinmap designator="2" footprintpin="2" />
    <text name="Datasheet" originx="0" originy="0" style="Default" rotation="0" justify="" flipped="False" hidden="True" data="https://www.lcsc.com/datasheet/lcsc_datasheet_2304140030_Taiyo-Yuden-TMK316BJ106KL-T_C87161.pdf" />
    <text name="Description" originx="0" originy="0" style="Default" rotation="0" justify="" flipped="False" hidden="True" data="Taiyo Yuden 10uF Multilayer Ceramic Capacitor MLCC, 25V dc V, +/-10% , SMD" />
    <text name="Mouser Part Number" originx="0" originy="0" style="Default" rotation="0" justify="" flipped="False" hidden="True" data="963-TMK316BJ106KL-T" />
    <text name="Mouser Price/Stock" originx="0" originy="0" style="Default" rotation="0" justify="" flipped="False" hidden="True" data="https://www.mouser.co.uk/ProductDetail/TAIYO-YUDEN/TMK316BJ106KL-T?qs=PzICbMaShUcXGfebxap6cg%3D%3D" />
    <text name="Manufacturer_Name" originx="0" originy="0" style="Default" rotation="0" justify="" flipped="False" hidden="True" data="TAIYO YUDEN" />
    <text name="Manufacturer_Part_Number" originx="350" originy="150" style="Default" rotation="0" justify="left" flipped="False" hidden="False" data="TMK316BJ106KL-T" />
  </component>
</quadcept_library>
