<?xml version="1.0" encoding="utf-8"?>
<!--/574976/1902088/2.50/2/4/Capacitor/-->
<quadcept_library>
  <setting unit="mil" />
  <textstyle name="Default" height="47.244094488189" strokewidth="7.8740157480315" charwidth="47.244094488189" />
  <textstyle name="Dimension" height="19.6850393700787" strokewidth="0" charwidth="19.6850393700787" />
  <textstyle name="H127W0635TH00762" height="50" strokewidth="3" charwidth="25" />
  <textstyle name="H15W15TH02" height="59.0551181102362" strokewidth="7.8740157480315" charwidth="59.0551181102362" />
  <padstyle name="c120_h80" surface="False" plated="True" isvia="False" nopaste="True" nomask="True" complex="False" holesize="31.496062992126">
    <padshape layer="TOP" shape="round" width="47.244094488188" height="47.244094488188" />
    <padshape layer="TOP_SOLDER_MASK" shape="round" width="55.11811023622" height="55.11811023622" />
    <padshape layer="INNER" shape="round" width="47.244094488188" height="47.244094488188" />
    <padshape layer="BOTTOM" shape="round" width="47.244094488188" height="47.244094488188" />
    <padshape layer="BOTTOM_SOLDER_MASK" shape="round" width="55.11811023622" height="55.11811023622" />
  </padstyle>
  <padstyle name="s120_h80" surface="False" plated="True" isvia="False" nopaste="True" nomask="True" complex="False" holesize="31.496062992126">
    <padshape layer="TOP" shape="square" width="47.244094488188" height="47.244094488188" />
    <padshape layer="TOP_SOLDER_MASK" shape="square" width="55.11811023622" height="55.11811023622" />
    <padshape layer="INNER" shape="round" width="47.244094488188" height="47.244094488188" />
    <padshape layer="BOTTOM" shape="square" width="47.244094488188" height="47.244094488188" />
    <padshape layer="BOTTOM_SOLDER_MASK" shape="square" width="55.11811023622" height="55.11811023622" />
  </padstyle>
  <footprint name="CAPPRD500W60D1025H1400" originx="0" originy="0" pickpointx="0" pickpointy="0">
    <pcbpin number="1" name="1" style="s120_h80" originx="0" originy="0" rotation="90" />
    <pcbpin number="2" name="2" style="c120_h80" originx="196.85039370078" originy="0" rotation="90" />
    <arc layer="TOP_PLACE_BOUND" originx="98.425196850392" originy="0" startangle="180" sweepangle="180" radius="221.45669291338" width="1.9685039370079" />
    <arc layer="TOP_PLACE_BOUND" originx="98.425196850392" originy="0" startangle="180" sweepangle="-180" radius="221.45669291338" width="1.9685039370079" />
    <arc layer="TOP_SILKSCREEN" originx="98.425196850392" originy="0" startangle="180" sweepangle="180" radius="201.7716535433" width="7.8740157480314" />
    <arc layer="TOP_SILKSCREEN" originx="98.425196850392" originy="0" startangle="180" sweepangle="-180" radius="201.7716535433" width="7.8740157480314" />
    <arc layer="TOP_ASSEMBLY" originx="98.425196850392" originy="0" startangle="180" sweepangle="180" radius="201.7716535433" width="3.9370078740157" />
    <arc layer="TOP_ASSEMBLY" originx="98.425196850392" originy="0" startangle="180" sweepangle="-180" radius="201.7716535433" width="3.9370078740157" />
  </footprint>
  <symbol name="35PX470MEFC10X12.5" originx="0" originy="0">
    <line originx="220" originy="100" endx="220" endy="-100" width="0" />
    <line originx="280" originy="100" endx="280" endy="-100" width="0" />
    <line originx="200" originy="0" endx="220" endy="0" width="0" />
    <line originx="280" originy="0" endx="300" endy="0" width="0" />
    <sympin number="1" originx="200" originy="0" rotation="180" length="100" width="7.8740157480315" flipped="False">
      <text name="pinname" originx="0" originy="-10" style="Default" rotation="0" justify="upperleft" flipped="False" hidden="True" data="+" />
      <text name="pindes" originx="0" originy="10" style="Default" rotation="0" justify="lowerleft" flipped="False" hidden="False" data="1" />
    </sympin>
    <sympin number="2" originx="300" originy="0" rotation="0" length="100" width="7.8740157480315" flipped="False">
      <text name="pinname" originx="500" originy="-10" style="Default" rotation="0" justify="upperright" flipped="False" hidden="True" data="-" />
      <text name="pindes" originx="500" originy="10" style="Default" rotation="0" justify="lowerright" flipped="False" hidden="False" data="2" />
    </sympin>
  </symbol>
  <component name="35PX470MEFC10X12.5" designatorprefix="C" height="551.1811023622" footprint="CAPPRD500W60D1025H1400">
    <comppin designator="1" sympin="1" pinswap="0" gateswap="0" gate="1" group="1" side="" type="Any" name="+" />
    <comppin designator="2" sympin="2" pinswap="0" gateswap="0" gate="1" group="1" side="" type="Any" name="-" />
    <attached_symbol gate="1" name="35PX470MEFC10X12.5" />
    <pinmap designator="1" footprintpin="1" />
    <pinmap designator="2" footprintpin="2" />
    <text name="Datasheet" originx="0" originy="0" style="Default" rotation="0" justify="" flipped="False" hidden="True" data="https://componentsearchengine.com/Datasheets/2/35PX470MEFC10X12.5.pdf" />
    <text name="Description" originx="0" originy="0" style="Default" rotation="0" justify="" flipped="False" hidden="True" data="RUBYCON - 35PX470MEFC10X12.5 - CAP, ALU ELEC, 470UF, 35V, RAD" />
    <text name="Mouser Part Number" originx="0" originy="0" style="Default" rotation="0" justify="" flipped="False" hidden="True" data="232-35PX470MEFC10X12" />
    <text name="Mouser Price/Stock" originx="0" originy="0" style="Default" rotation="0" justify="" flipped="False" hidden="True" data="https://www.mouser.co.uk/ProductDetail/Rubycon/35PX470MEFC10X125?qs=T3oQrply3y%2FsX4ce3rzYNQ%3D%3D" />
    <text name="Manufacturer_Name" originx="0" originy="0" style="Default" rotation="0" justify="" flipped="False" hidden="True" data="Rubycon" />
    <text name="Manufacturer_Part_Number" originx="350" originy="150" style="Default" rotation="0" justify="left" flipped="False" hidden="False" data="35PX470MEFC10X12.5" />
  </component>
</quadcept_library>
