<?xml version="1.0" encoding="utf-8"?>
<!--/1096732/1902088/2.50/2/3/Capacitor Polarised/-->
<quadcept_library>
  <setting unit="mil" />
  <textstyle name="Default" height="47.244094488189" strokewidth="7.8740157480315" charwidth="47.244094488189" />
  <textstyle name="Dimension" height="19.6850393700787" strokewidth="0" charwidth="19.6850393700787" />
  <textstyle name="H127W0635TH00762" height="50" strokewidth="3" charwidth="25" />
  <textstyle name="H15W15TH02" height="59.0551181102362" strokewidth="7.8740157480315" charwidth="59.0551181102362" />
  <padstyle name="c110_h70" surface="False" plated="True" isvia="False" nopaste="True" nomask="True" complex="False" holesize="27.55905511811">
    <padshape layer="TOP" shape="round" width="43.307086614173" height="43.307086614173" />
    <padshape layer="TOP_SOLDER_MASK" shape="round" width="51.181102362204" height="51.181102362204" />
    <padshape layer="INNER" shape="round" width="43.307086614173" height="43.307086614173" />
    <padshape layer="BOTTOM" shape="round" width="43.307086614173" height="43.307086614173" />
    <padshape layer="BOTTOM_SOLDER_MASK" shape="round" width="51.181102362204" height="51.181102362204" />
  </padstyle>
  <padstyle name="s110_h70" surface="False" plated="True" isvia="False" nopaste="True" nomask="True" complex="False" holesize="27.55905511811">
    <padshape layer="TOP" shape="square" width="43.307086614173" height="43.307086614173" />
    <padshape layer="TOP_SOLDER_MASK" shape="square" width="51.181102362204" height="51.181102362204" />
    <padshape layer="INNER" shape="round" width="43.307086614173" height="43.307086614173" />
    <padshape layer="BOTTOM" shape="square" width="43.307086614173" height="43.307086614173" />
    <padshape layer="BOTTOM_SOLDER_MASK" shape="square" width="51.181102362204" height="51.181102362204" />
  </padstyle>
  <footprint name="CAPPRD250W50D655H1250" originx="0" originy="0" pickpointx="0" pickpointy="0">
    <pcbpin number="1" name="1" style="s110_h70" originx="0" originy="0" rotation="90" />
    <pcbpin number="2" name="2" style="c110_h70" originx="98.425196850392" originy="0" rotation="90" />
    <arc layer="TOP_PLACE_BOUND" originx="49.212598425196" originy="0" startangle="180" sweepangle="180" radius="148.62204724409" width="1.9685039370079" />
    <arc layer="TOP_PLACE_BOUND" originx="49.212598425196" originy="0" startangle="180" sweepangle="-180" radius="148.62204724409" width="1.9685039370079" />
    <arc layer="TOP_SILKSCREEN" originx="49.212598425196" originy="0" startangle="180" sweepangle="180" radius="128.93700787401" width="7.8740157480314" />
    <arc layer="TOP_SILKSCREEN" originx="49.212598425196" originy="0" startangle="180" sweepangle="-180" radius="128.93700787401" width="7.8740157480314" />
    <arc layer="TOP_ASSEMBLY" originx="49.212598425196" originy="0" startangle="180" sweepangle="180" radius="128.93700787401" width="3.9370078740157" />
    <arc layer="TOP_ASSEMBLY" originx="49.212598425196" originy="0" startangle="180" sweepangle="-180" radius="128.93700787401" width="3.9370078740157" />
  </footprint>
  <symbol name="50YXJ47M6.3X11" originx="0" originy="0">
    <line originx="200" originy="100" endx="200" endy="-100" width="0" />
    <line originx="230" originy="-100" endx="200" endy="-100" width="0" />
    <line originx="230" originy="-100" endx="230" endy="100" width="0" />
    <line originx="200" originy="100" endx="230" endy="100" width="0" />
    <line originx="180" originy="50" endx="140" endy="50" width="0" />
    <line originx="160" originy="70" endx="160" endy="30" width="0" />
    <line originx="100" originy="0" endx="200" endy="0" width="0" />
    <line originx="300" originy="0" endx="400" endy="0" width="0" />
    <sympin number="1" originx="100" originy="0" rotation="180" length="100" width="7.8740157480315" flipped="False">
      <text name="pinname" originx="0" originy="-10" style="Default" rotation="0" justify="upperleft" flipped="False" hidden="True" data="+" />
      <text name="pindes" originx="0" originy="10" style="Default" rotation="0" justify="lowerleft" flipped="False" hidden="False" data="1" />
    </sympin>
    <sympin number="2" originx="400" originy="0" rotation="0" length="100" width="7.8740157480315" flipped="False">
      <text name="pinname" originx="500" originy="-10" style="Default" rotation="0" justify="upperright" flipped="False" hidden="True" data="-" />
      <text name="pindes" originx="500" originy="10" style="Default" rotation="0" justify="lowerright" flipped="False" hidden="False" data="2" />
    </sympin>
    <polygon type="polygon">
      <point x="300" y="100" />
      <point x="300" y="-100" />
      <point x="270" y="-100" />
      <point x="270" y="100" />
    </polygon>
  </symbol>
  <component name="50YXJ47M6.3X11" designatorprefix="C" height="492.12598425196" footprint="CAPPRD250W50D655H1250">
    <comppin designator="1" sympin="1" pinswap="0" gateswap="0" gate="1" group="1" side="" type="Any" name="+" />
    <comppin designator="2" sympin="2" pinswap="0" gateswap="0" gate="1" group="1" side="" type="Any" name="-" />
    <attached_symbol gate="1" name="50YXJ47M6.3X11" />
    <pinmap designator="1" footprintpin="1" />
    <pinmap designator="2" footprintpin="2" />
    <text name="Datasheet" originx="0" originy="0" style="Default" rotation="0" justify="" flipped="False" hidden="True" data="https://www.mouser.co.uk/datasheet/2/977/e_YXJ-1601195.pdf" />
    <text name="Description" originx="0" originy="0" style="Default" rotation="0" justify="" flipped="False" hidden="True" data="Type Description Select All Category Capacitors Aluminum Electrolytic Capacitors Mfr Rubycon Series YXJ Packaging Bulk Part Status Active Capacitance 47 F Tolerance +/-20% Voltage - Rated 50 V ESR (Equivalent Series Resistance) - Lifetime @ Temp. 7000 Hrs @ 105C Operating Temperature -40C ~ 105C Polarization Polar Ratings - Applications General Purpose Ripple Current @ Low Frequency 162.25 mA @ 120 Hz Ripple Current @ High Frequency 295 mA @ 100 kHz Impedance 300 mOhms" />
    <text name="Mouser Part Number" originx="0" originy="0" style="Default" rotation="0" justify="" flipped="False" hidden="True" data="232-50YXJ47M6.3X11" />
    <text name="Mouser Price/Stock" originx="0" originy="0" style="Default" rotation="0" justify="" flipped="False" hidden="True" data="https://www.mouser.co.uk/ProductDetail/Rubycon/50YXJ47M6.3X11?qs=T3oQrply3y9Y%2FB9KKPf5JQ%3D%3D" />
    <text name="Manufacturer_Name" originx="0" originy="0" style="Default" rotation="0" justify="" flipped="False" hidden="True" data="Rubycon" />
    <text name="Manufacturer_Part_Number" originx="350" originy="150" style="Default" rotation="0" justify="left" flipped="False" hidden="False" data="50YXJ47M6.3X11" />
  </component>
</quadcept_library>
