<?xml version="1.0" encoding="utf-8"?>
<!--/1853431/962499/2.50/2/2/Resistor/-->
<quadcept_library>
  <setting unit="mil" />
  <textstyle name="Default" height="47.244094488189" strokewidth="7.8740157480315" charwidth="47.244094488189" />
  <textstyle name="Dimension" height="19.6850393700787" strokewidth="0" charwidth="19.6850393700787" />
  <textstyle name="H127W0635TH00762" height="50" strokewidth="3" charwidth="25" />
  <textstyle name="H15W15TH02" height="59.0551181102362" strokewidth="7.8740157480315" charwidth="59.0551181102362" />
  <padstyle name="r170_115" surface="True" plated="False" isvia="False" nopaste="False" nomask="True" complex="False" holesize="0">
    <padshape layer="TOP" shape="rectangle" width="45.275590551181" height="66.929133858267" />
    <padshape layer="TOP_SOLDER_MASK" shape="rectangle" width="53.149606299212" height="74.803149606298" />
    <padshape layer="TOP_SOLDER_PASTE" shape="rectangle" width="45.275590551181" height="66.929133858267" />
  </padstyle>
  <footprint name="CSR1206" originx="0" originy="0" pickpointx="0" pickpointy="0">
    <pcbpin number="1" name="1" style="r170_115" originx="-62.007874015747" originy="0" rotation="0" />
    <pcbpin number="2" name="2" style="r170_115" originx="62.007874015747" originy="0" rotation="0" />
    <line layer="TOP_ASSEMBLY" originx="-60.039370078739" originy="30.511811023622" endx="60.039370078739" endy="30.511811023622" width="7.8740157480314" />
    <line layer="TOP_ASSEMBLY" originx="60.039370078739" originy="30.511811023622" endx="60.039370078739" endy="-30.511811023622" width="7.8740157480314" />
    <line layer="TOP_ASSEMBLY" originx="60.039370078739" originy="-30.511811023622" endx="-60.039370078739" endy="-30.511811023622" width="7.8740157480314" />
    <line layer="TOP_ASSEMBLY" originx="-60.039370078739" originy="-30.511811023622" endx="-60.039370078739" endy="30.511811023622" width="7.8740157480314" />
    <arc layer="TOP_SILKSCREEN" originx="-105.31496062992" originy="0" startangle="180" sweepangle="180" radius="1.9685039370079" width="7.8740157480314" />
    <arc layer="TOP_SILKSCREEN" originx="-105.31496062992" originy="0" startangle="180" sweepangle="-180" radius="1.9685039370079" width="7.8740157480314" />
    <line layer="TOP_PLACE_BOUND" originx="-148.62204724409" originy="77.75590551181" endx="124.01574803149" endy="77.75590551181" width="1.9685039370079" />
    <line layer="TOP_PLACE_BOUND" originx="124.01574803149" originy="77.75590551181" endx="124.01574803149" endy="-77.75590551181" width="1.9685039370079" />
    <line layer="TOP_PLACE_BOUND" originx="124.01574803149" originy="-77.75590551181" endx="-148.62204724409" endy="-77.75590551181" width="1.9685039370079" />
    <line layer="TOP_PLACE_BOUND" originx="-148.62204724409" originy="-77.75590551181" endx="-148.62204724409" endy="77.75590551181" width="1.9685039370079" />
  </footprint>
  <symbol name="CSR1206FTR500" originx="0" originy="0">
    <line originx="200" originy="50" endx="500" endy="50" width="0" />
    <line originx="500" originy="-50" endx="500" endy="50" width="0" />
    <line originx="500" originy="-50" endx="200" endy="-50" width="0" />
    <line originx="200" originy="50" endx="200" endy="-50" width="0" />
    <sympin number="1" originx="200" originy="0" rotation="180" length="100" width="7.8740157480315" flipped="False">
      <text name="pinname" originx="0" originy="-10" style="Default" rotation="0" justify="upperleft" flipped="False" hidden="True" data="1" />
      <text name="pindes" originx="0" originy="10" style="Default" rotation="0" justify="lowerleft" flipped="False" hidden="False" data="1" />
    </sympin>
    <sympin number="2" originx="500" originy="0" rotation="0" length="100" width="7.8740157480315" flipped="False">
      <text name="pinname" originx="700" originy="-10" style="Default" rotation="0" justify="upperright" flipped="False" hidden="True" data="2" />
      <text name="pindes" originx="700" originy="10" style="Default" rotation="0" justify="lowerright" flipped="False" hidden="False" data="2" />
    </sympin>
  </symbol>
  <component name="CSR1206FTR500" designatorprefix="R" height="25.590551181102" footprint="CSR1206">
    <comppin designator="1" sympin="1" pinswap="0" gateswap="0" gate="1" group="1" side="" type="Any" name="1" />
    <comppin designator="2" sympin="2" pinswap="0" gateswap="0" gate="1" group="1" side="" type="Any" name="2" />
    <attached_symbol gate="1" name="CSR1206FTR500" />
    <pinmap designator="1" footprintpin="1" />
    <pinmap designator="2" footprintpin="2" />
    <text name="Datasheet" originx="0" originy="0" style="Default" rotation="0" justify="" flipped="False" hidden="True" data="https://cs.seielect.com/catalog/SEI-CSR_CSRN.pdf" />
    <text name="Description" originx="0" originy="0" style="Default" rotation="0" justify="" flipped="False" hidden="True" data="RES CS, 1206, 0.5 ohm, 1%, 0.5W" />
    <text name="Mouser Part Number" originx="0" originy="0" style="Default" rotation="0" justify="" flipped="False" hidden="True" data="" />
    <text name="Mouser Price/Stock" originx="0" originy="0" style="Default" rotation="0" justify="" flipped="False" hidden="True" data="" />
    <text name="Manufacturer_Name" originx="0" originy="0" style="Default" rotation="0" justify="" flipped="False" hidden="True" data="Stackpole Electronics, Inc." />
    <text name="Manufacturer_Part_Number" originx="550" originy="150" style="Default" rotation="0" justify="left" flipped="False" hidden="False" data="CSR1206FTR500" />
  </component>
</quadcept_library>
